{
 "_comments": [
  "AUTO-CALIBRATED profile for source owcs-jksix-qwc (calib-v1). Chip rows located by HSV blob detection +",
  "uniform-pitch fitting over multiple frames; portrait cells",
  "placed next to their ult chips with texture-driven refinement.",
  "Pixel rects are at 1920x1080 native; norm_* are fractions of",
  "frame size (resolution-independent record).",
  "Regenerate deterministically with pipeline/calibrate_source.py."
 ],
 "frame_width": 1920,
 "frame_height": 1080,
 "sample_interval_seconds": 10,
 "hud_probe": {
  "chips_a": [
   [
    45,
    116,
    76,
    76
   ],
   [
    150,
    116,
    76,
    76
   ],
   [
    256,
    116,
    76,
    76
   ],
   [
    363,
    116,
    76,
    76
   ],
   [
    468,
    116,
    76,
    76
   ]
  ],
  "chips_b": [
   [
    1396,
    116,
    51,
    51
   ],
   [
    1503,
    116,
    51,
    51
   ],
   [
    1608,
    116,
    51,
    51
   ],
   [
    1713,
    116,
    51,
    51
   ],
   [
    1820,
    116,
    51,
    51
   ]
  ],
  "sat_min": 110,
  "val_min": 90,
  "min_chips_per_side": 4
 },
 "slots_a": [
  [
   90,
   117,
   52,
   52
  ],
  [
   195,
   117,
   52,
   52
  ],
  [
   302,
   117,
   52,
   52
  ],
  [
   408,
   117,
   52,
   52
  ],
  [
   513,
   117,
   52,
   52
  ]
 ],
 "slots_b": [
  [
   1394,
   117,
   52,
   52
  ],
  [
   1500,
   117,
   52,
   52
  ],
  [
   1605,
   117,
   52,
   52
  ],
  [
   1710,
   117,
   52,
   52
  ],
  [
   1816,
   117,
   52,
   52
  ]
 ],
 "norm_slots_a": [
  [
   0.04688,
   0.10833,
   0.02734,
   0.04861
  ],
  [
   0.10156,
   0.10833,
   0.02734,
   0.04861
  ],
  [
   0.15703,
   0.10833,
   0.02734,
   0.04861
  ],
  [
   0.2125,
   0.10833,
   0.02734,
   0.04861
  ],
  [
   0.26719,
   0.10833,
   0.02734,
   0.04861
  ]
 ],
 "norm_slots_b": [
  [
   0.72578,
   0.10833,
   0.02734,
   0.04861
  ],
  [
   0.78125,
   0.10833,
   0.02734,
   0.04861
  ],
  [
   0.83594,
   0.10833,
   0.02734,
   0.04861
  ],
  [
   0.89062,
   0.10833,
   0.02734,
   0.04861
  ],
  [
   0.94609,
   0.10833,
   0.02734,
   0.04861
  ]
 ],
 "match_threshold": 0.6,
 "templates_dir": "templates/owcs_jksix_qwc",
 "calibration": {
  "version": "calib-v1",
  "source_id": "owcs-jksix-qwc",
  "calibrated_at_resolution": [
   1280,
   720
  ],
  "frames_used": 8,
  "chip_row_a": {
   "y": 77,
   "w": 51,
   "h": 51,
   "pitch": 70.5,
   "residual": 0.011347517730496455,
   "n_frames": 8
  },
  "chip_row_b": {
   "y": 77,
   "w": 34,
   "h": 34,
   "pitch": 70.5,
   "residual": 0.005319148936170213,
   "n_frames": 8
  },
  "portrait_direction": {
   "a": 1,
   "b": -1
  },
  "portrait_cell": {
   "a": {
    "cell_score": 0.676,
    "dx": 30,
    "size": 35,
    "direction": 1
   },
   "b": {
    "cell_score": 0.744,
    "dx": -2,
    "size": 35,
    "direction": -1
   }
  },
  "confidence": 0.912,
  "warnings": [
   "sides not mirror-symmetric (a1 left margin 60px vs b5 right margin 34px) \u2014 verify visually"
  ]
 },
 "reject": [
  {
   "label": "highlight",
   "kind": "template",
   "rect": [
    0,
    150,
    900,
    390
   ],
   "template": "layouts/owcs_jksix_qwc-highlight.png",
   "min_score": 0.8,
   "_note": "HIGHLIGHTS replay banner cut at 720p from t=46:55 of the Nepal VOD; rejects post-map highlight replays that render a full HUD"
  },
  {
   "label": "replay",
   "kind": "template",
   "rect": [
    0,
    150,
    900,
    390
   ],
   "template": "layouts/owcs_jksix_qwc-replay.png",
   "min_score": 0.8,
   "_note": "REPLAY chyron cut at 720p from t=2445; round-end replays render a full HUD with the PAST comp"
  },
  {
   "label": "scoreboard",
   "kind": "template",
   "rect": [
    850,
    130,
    750,
    130
   ],
   "template": "layouts/owcs_jksix_qwc-scoreboard.png",
   "min_score": 0.8,
   "_note": "stats-panel header (E A D DMG H MIT) cut at 720p; catches TAB/between-round/endgame scoreboards whose dimmed HUD still shows past portraits"
  }
 ],
 "round_emblem": {
  "rect": [
   942,
   165,
   36,
   36
  ],
  "_note": "inner icon of the center point emblem (lock during setup, point letter during combat) \u2014 ring excluded so charge progress does not split clusters"
 }
}